DATAFLOW,LAST UPDATE,freq,purchase,unit,geo,TIME_PERIOD,OBS_VALUE,OBS_FLAG
ESTAT:PRC_HPI_A(1.0),03/10/23 11:00:00,A,TOTAL,I10_A_AVG,AT,2010,100.00,
ESTAT:PRC_HPI_A(1.0),03/10/23 11:00:00,A,TOTAL,I10_A_AVG,AT,2011,106.25,
ESTAT:PRC_HPI_A(1.0),03/10/23 11:00:00,A,TOTAL,I10_A_AVG,AT,2012,114.03,
ESTAT:PRC_HPI_A(1.0),03/10/23 11:00:00,A,TOTAL,I10_A_AVG,AT,2013,119.92,
ESTAT:PRC_HPI_A(1.0),03/10/23 11:00:00,A,TOTAL,I10_A_AVG,AT,2014,124.13,
ESTAT:PRC_HPI_A(1.0),03/10/23 11:00:00,A,TOTAL,I10_A_AVG,AT,2015,130.21,
ESTAT:PRC_HPI_A(1.0),03/10/23 11:00:00,A,TOTAL,I10_A_AVG,AT,2016,141.32,
ESTAT:PRC_HPI_A(1.0),03/10/23 11:00:00,A,TOTAL,I10_A_AVG,AT,2017,148.78,
ESTAT:PRC_HPI_A(1.0),03/10/23 11:00:00,A,TOTAL,I10_A_AVG,AT,2018,155.79,
ESTAT:PRC_HPI_A(1.0),03/10/23 11:00:00,A,TOTAL,I10_A_AVG,AT,2019,164.85,
ESTAT:PRC_HPI_A(1.0),03/10/23 11:00:00,A,TOTAL,I10_A_AVG,AT,2020,177.50,
ESTAT:PRC_HPI_A(1.0),03/10/23 11:00:00,A,TOTAL,I10_A_AVG,AT,2021,199.56,
ESTAT:PRC_HPI_A(1.0),03/10/23 11:00:00,A,TOTAL,I10_A_AVG,AT,2022,222.36,
ESTAT:PRC_HPI_A(1.0),03/10/23 11:00:00,A,TOTAL,I10_A_AVG,BE,2006,86.56,
ESTAT:PRC_HPI_A(1.0),03/10/23 11:00:00,A,TOTAL,I10_A_AVG,BE,2007,93.31,
ESTAT:PRC_HPI_A(1.0),03/10/23 11:00:00,A,TOTAL,I10_A_AVG,BE,2008,97.42,
ESTAT:PRC_HPI_A(1.0),03/10/23 11:00:00,A,TOTAL,I10_A_AVG,BE,2009,96.96,
ESTAT:PRC_HPI_A(1.0),03/10/23 11:00:00,A,TOTAL,I10_A_AVG,BE,2010,100.00,
ESTAT:PRC_HPI_A(1.0),03/10/23 11:00:00,A,TOTAL,I10_A_AVG,BE,2011,104.02,
ESTAT:PRC_HPI_A(1.0),03/10/23 11:00:00,A,TOTAL,I10_A_AVG,BE,2012,106.35,
ESTAT:PRC_HPI_A(1.0),03/10/23 11:00:00,A,TOTAL,I10_A_AVG,BE,2013,107.59,
ESTAT:PRC_HPI_A(1.0),03/10/23 11:00:00,A,TOTAL,I10_A_AVG,BE,2014,107.00,
ESTAT:PRC_HPI_A(1.0),03/10/23 11:00:00,A,TOTAL,I10_A_AVG,BE,2015,108.80,
ESTAT:PRC_HPI_A(1.0),03/10/23 11:00:00,A,TOTAL,I10_A_AVG,BE,2016,111.67,
ESTAT:PRC_HPI_A(1.0),03/10/23 11:00:00,A,TOTAL,I10_A_AVG,BE,2017,115.73,
ESTAT:PRC_HPI_A(1.0),03/10/23 11:00:00,A,TOTAL,I10_A_AVG,BE,2018,119.04,
ESTAT:PRC_HPI_A(1.0),03/10/23 11:00:00,A,TOTAL,I10_A_AVG,BE,2019,123.79,
ESTAT:PRC_HPI_A(1.0),03/10/23 11:00:00,A,TOTAL,I10_A_AVG,BE,2020,129.03,
ESTAT:PRC_HPI_A(1.0),03/10/23 11:00:00,A,TOTAL,I10_A_AVG,BE,2021,138.23,
ESTAT:PRC_HPI_A(1.0),03/10/23 11:00:00,A,TOTAL,I10_A_AVG,BE,2022,145.99,
ESTAT:PRC_HPI_A(1.0),03/10/23 11:00:00,A,TOTAL,I10_A_AVG,BG,2006,86.82,e
ESTAT:PRC_HPI_A(1.0),03/10/23 11:00:00,A,TOTAL,I10_A_AVG,BG,2007,111.92,e
ESTAT:PRC_HPI_A(1.0),03/10/23 11:00:00,A,TOTAL,I10_A_AVG,BG,2008,139.86,e
ESTAT:PRC_HPI_A(1.0),03/10/23 11:00:00,A,TOTAL,I10_A_AVG,BG,2009,111.32,e
ESTAT:PRC_HPI_A(1.0),03/10/23 11:00:00,A,TOTAL,I10_A_AVG,BG,2010,100.00,
ESTAT:PRC_HPI_A(1.0),03/10/23 11:00:00,A,TOTAL,I10_A_AVG,BG,2011,94.49,
ESTAT:PRC_HPI_A(1.0),03/10/23 11:00:00,A,TOTAL,I10_A_AVG,BG,2012,92.69,
ESTAT:PRC_HPI_A(1.0),03/10/23 11:00:00,A,TOTAL,I10_A_AVG,BG,2013,90.65,
ESTAT:PRC_HPI_A(1.0),03/10/23 11:00:00,A,TOTAL,I10_A_AVG,BG,2014,91.95,
ESTAT:PRC_HPI_A(1.0),03/10/23 11:00:00,A,TOTAL,I10_A_AVG,BG,2015,94.52,b
ESTAT:PRC_HPI_A(1.0),03/10/23 11:00:00,A,TOTAL,I10_A_AVG,BG,2016,101.15,
ESTAT:PRC_HPI_A(1.0),03/10/23 11:00:00,A,TOTAL,I10_A_AVG,BG,2017,109.91,
ESTAT:PRC_HPI_A(1.0),03/10/23 11:00:00,A,TOTAL,I10_A_AVG,BG,2018,117.16,
ESTAT:PRC_HPI_A(1.0),03/10/23 11:00:00,A,TOTAL,I10_A_AVG,BG,2019,124.21,
ESTAT:PRC_HPI_A(1.0),03/10/23 11:00:00,A,TOTAL,I10_A_AVG,BG,2020,129.87,
ESTAT:PRC_HPI_A(1.0),03/10/23 11:00:00,A,TOTAL,I10_A_AVG,BG,2021,141.14,
ESTAT:PRC_HPI_A(1.0),03/10/23 11:00:00,A,TOTAL,I10_A_AVG,BG,2022,160.60,b
ESTAT:PRC_HPI_A(1.0),03/10/23 11:00:00,A,TOTAL,I10_A_AVG,CY,2006,96.17,
ESTAT:PRC_HPI_A(1.0),03/10/23 11:00:00,A,TOTAL,I10_A_AVG,CY,2007,107.46,
ESTAT:PRC_HPI_A(1.0),03/10/23 11:00:00,A,TOTAL,I10_A_AVG,CY,2008,113.52,
ESTAT:PRC_HPI_A(1.0),03/10/23 11:00:00,A,TOTAL,I10_A_AVG,CY,2009,106.08,
ESTAT:PRC_HPI_A(1.0),03/10/23 11:00:00,A,TOTAL,I10_A_AVG,CY,2010,100.00,
ESTAT:PRC_HPI_A(1.0),03/10/23 11:00:00,A,TOTAL,I10_A_AVG,CY,2011,98.40,
ESTAT:PRC_HPI_A(1.0),03/10/23 11:00:00,A,TOTAL,I10_A_AVG,CY,2012,95.39,
ESTAT:PRC_HPI_A(1.0),03/10/23 11:00:00,A,TOTAL,I10_A_AVG,CY,2013,91.49,
ESTAT:PRC_HPI_A(1.0),03/10/23 11:00:00,A,TOTAL,I10_A_AVG,CY,2014,89.88,
ESTAT:PRC_HPI_A(1.0),03/10/23 11:00:00,A,TOTAL,I10_A_AVG,CY,2015,88.58,b
ESTAT:PRC_HPI_A(1.0),03/10/23 11:00:00,A,TOTAL,I10_A_AVG,CY,2016,88.81,
ESTAT:PRC_HPI_A(1.0),03/10/23 11:00:00,A,TOTAL,I10_A_AVG,CY,2017,90.81,
ESTAT:PRC_HPI_A(1.0),03/10/23 11:00:00,A,TOTAL,I10_A_AVG,CY,2018,92.40,
ESTAT:PRC_HPI_A(1.0),03/10/23 11:00:00,A,TOTAL,I10_A_AVG,CY,2019,95.84,
ESTAT:PRC_HPI_A(1.0),03/10/23 11:00:00,A,TOTAL,I10_A_AVG,CY,2020,95.65,
ESTAT:PRC_HPI_A(1.0),03/10/23 11:00:00,A,TOTAL,I10_A_AVG,CY,2021,92.41,
ESTAT:PRC_HPI_A(1.0),03/10/23 11:00:00,A,TOTAL,I10_A_AVG,CY,2022,95.41,
ESTAT:PRC_HPI_A(1.0),03/10/23 11:00:00,A,TOTAL,I10_A_AVG,CZ,2008,105.90,
ESTAT:PRC_HPI_A(1.0),03/10/23 11:00:00,A,TOTAL,I10_A_AVG,CZ,2009,101.80,
ESTAT:PRC_HPI_A(1.0),03/10/23 11:00:00,A,TOTAL,I10_A_AVG,CZ,2010,100.00,
ESTAT:PRC_HPI_A(1.0),03/10/23 11:00:00,A,TOTAL,I10_A_AVG,CZ,2011,100.00,
ESTAT:PRC_HPI_A(1.0),03/10/23 11:00:00,A,TOTAL,I10_A_AVG,CZ,2012,98.60,
ESTAT:PRC_HPI_A(1.0),03/10/23 11:00:00,A,TOTAL,I10_A_AVG,CZ,2013,98.60,
ESTAT:PRC_HPI_A(1.0),03/10/23 11:00:00,A,TOTAL,I10_A_AVG,CZ,2014,101.00,
ESTAT:PRC_HPI_A(1.0),03/10/23 11:00:00,A,TOTAL,I10_A_AVG,CZ,2015,105.10,
ESTAT:PRC_HPI_A(1.0),03/10/23 11:00:00,A,TOTAL,I10_A_AVG,CZ,2016,112.50,
ESTAT:PRC_HPI_A(1.0),03/10/23 11:00:00,A,TOTAL,I10_A_AVG,CZ,2017,125.80,
ESTAT:PRC_HPI_A(1.0),03/10/23 11:00:00,A,TOTAL,I10_A_AVG,CZ,2018,136.50,
ESTAT:PRC_HPI_A(1.0),03/10/23 11:00:00,A,TOTAL,I10_A_AVG,CZ,2019,149.00,
ESTAT:PRC_HPI_A(1.0),03/10/23 11:00:00,A,TOTAL,I10_A_AVG,CZ,2020,161.60,
ESTAT:PRC_HPI_A(1.0),03/10/23 11:00:00,A,TOTAL,I10_A_AVG,CZ,2021,193.50,
ESTAT:PRC_HPI_A(1.0),03/10/23 11:00:00,A,TOTAL,I10_A_AVG,CZ,2022,226.10,
ESTAT:PRC_HPI_A(1.0),03/10/23 11:00:00,A,TOTAL,I10_A_AVG,DE,2006,99.00,
ESTAT:PRC_HPI_A(1.0),03/10/23 11:00:00,A,TOTAL,I10_A_AVG,DE,2007,96.90,
ESTAT:PRC_HPI_A(1.0),03/10/23 11:00:00,A,TOTAL,I10_A_AVG,DE,2008,98.20,
ESTAT:PRC_HPI_A(1.0),03/10/23 11:00:00,A,TOTAL,I10_A_AVG,DE,2009,99.00,
ESTAT:PRC_HPI_A(1.0),03/10/23 11:00:00,A,TOTAL,I10_A_AVG,DE,2010,100.00,
ESTAT:PRC_HPI_A(1.0),03/10/23 11:00:00,A,TOTAL,I10_A_AVG,DE,2011,103.50,
ESTAT:PRC_HPI_A(1.0),03/10/23 11:00:00,A,TOTAL,I10_A_AVG,DE,2012,107.10,
ESTAT:PRC_HPI_A(1.0),03/10/23 11:00:00,A,TOTAL,I10_A_AVG,DE,2013,110.40,
ESTAT:PRC_HPI_A(1.0),03/10/23 11:00:00,A,TOTAL,I10_A_AVG,DE,2014,113.90,
ESTAT:PRC_HPI_A(1.0),03/10/23 11:00:00,A,TOTAL,I10_A_AVG,DE,2015,119.30,
ESTAT:PRC_HPI_A(1.0),03/10/23 11:00:00,A,TOTAL,I10_A_AVG,DE,2016,128.20,
ESTAT:PRC_HPI_A(1.0),03/10/23 11:00:00,A,TOTAL,I10_A_AVG,DE,2017,136.10,
ESTAT:PRC_HPI_A(1.0),03/10/23 11:00:00,A,TOTAL,I10_A_AVG,DE,2018,145.10,
ESTAT:PRC_HPI_A(1.0),03/10/23 11:00:00,A,TOTAL,I10_A_AVG,DE,2019,153.50,
ESTAT:PRC_HPI_A(1.0),03/10/23 11:00:00,A,TOTAL,I10_A_AVG,DE,2020,165.40,
ESTAT:PRC_HPI_A(1.0),03/10/23 11:00:00,A,TOTAL,I10_A_AVG,DE,2021,184.60,
ESTAT:PRC_HPI_A(1.0),03/10/23 11:00:00,A,TOTAL,I10_A_AVG,DE,2022,194.30,
ESTAT:PRC_HPI_A(1.0),03/10/23 11:00:00,A,TOTAL,I10_A_AVG,DK,2006,113.49,
ESTAT:PRC_HPI_A(1.0),03/10/23 11:00:00,A,TOTAL,I10_A_AVG,DK,2007,116.53,
ESTAT:PRC_HPI_A(1.0),03/10/23 11:00:00,A,TOTAL,I10_A_AVG,DK,2008,110.51,
ESTAT:PRC_HPI_A(1.0),03/10/23 11:00:00,A,TOTAL,I10_A_AVG,DK,2009,97.28,
ESTAT:PRC_HPI_A(1.0),03/10/23 11:00:00,A,TOTAL,I10_A_AVG,DK,2010,100.00,
ESTAT:PRC_HPI_A(1.0),03/10/23 11:00:00,A,TOTAL,I10_A_AVG,DK,2011,98.30,
ESTAT:PRC_HPI_A(1.0),03/10/23 11:00:00,A,TOTAL,I10_A_AVG,DK,2012,95.65,
ESTAT:PRC_HPI_A(1.0),03/10/23 11:00:00,A,TOTAL,I10_A_AVG,DK,2013,99.37,
ESTAT:PRC_HPI_A(1.0),03/10/23 11:00:00,A,TOTAL,I10_A_AVG,DK,2014,103.12,
ESTAT:PRC_HPI_A(1.0),03/10/23 11:00:00,A,TOTAL,I10_A_AVG,DK,2015,110.30,
ESTAT:PRC_HPI_A(1.0),03/10/23 11:00:00,A,TOTAL,I10_A_AVG,DK,2016,116.06,
ESTAT:PRC_HPI_A(1.0),03/10/23 11:00:00,A,TOTAL,I10_A_AVG,DK,2017,121.33,
ESTAT:PRC_HPI_A(1.0),03/10/23 11:00:00,A,TOTAL,I10_A_AVG,DK,2018,126.64,
ESTAT:PRC_HPI_A(1.0),03/10/23 11:00:00,A,TOTAL,I10_A_AVG,DK,2019,129.61,
ESTAT:PRC_HPI_A(1.0),03/10/23 11:00:00,A,TOTAL,I10_A_AVG,DK,2020,136.21,
ESTAT:PRC_HPI_A(1.0),03/10/23 11:00:00,A,TOTAL,I10_A_AVG,DK,2021,152.19,
ESTAT:PRC_HPI_A(1.0),03/10/23 11:00:00,A,TOTAL,I10_A_AVG,DK,2022,151.48,
ESTAT:PRC_HPI_A(1.0),03/10/23 11:00:00,A,TOTAL,I10_A_AVG,EA,2006,96.76,
ESTAT:PRC_HPI_A(1.0),03/10/23 11:00:00,A,TOTAL,I10_A_AVG,EA,2007,100.70,
ESTAT:PRC_HPI_A(1.0),03/10/23 11:00:00,A,TOTAL,I10_A_AVG,EA,2008,101.90,
ESTAT:PRC_HPI_A(1.0),03/10/23 11:00:00,A,TOTAL,I10_A_AVG,EA,2009,99.06,
ESTAT:PRC_HPI_A(1.0),03/10/23 11:00:00,A,TOTAL,I10_A_AVG,EA,2010,100.00,
ESTAT:PRC_HPI_A(1.0),03/10/23 11:00:00,A,TOTAL,I10_A_AVG,EA,2011,101.07,
ESTAT:PRC_HPI_A(1.0),03/10/23 11:00:00,A,TOTAL,I10_A_AVG,EA,2012,98.87,
ESTAT:PRC_HPI_A(1.0),03/10/23 11:00:00,A,TOTAL,I10_A_AVG,EA,2013,96.81,
ESTAT:PRC_HPI_A(1.0),03/10/23 11:00:00,A,TOTAL,I10_A_AVG,EA,2014,96.98,
ESTAT:PRC_HPI_A(1.0),03/10/23 11:00:00,A,TOTAL,I10_A_AVG,EA,2015,98.51,
ESTAT:PRC_HPI_A(1.0),03/10/23 11:00:00,A,TOTAL,I10_A_AVG,EA,2016,102.48,
ESTAT:PRC_HPI_A(1.0),03/10/23 11:00:00,A,TOTAL,I10_A_AVG,EA,2017,106.92,
ESTAT:PRC_HPI_A(1.0),03/10/23 11:00:00,A,TOTAL,I10_A_AVG,EA,2018,111.99,
ESTAT:PRC_HPI_A(1.0),03/10/23 11:00:00,A,TOTAL,I10_A_AVG,EA,2019,116.85,
ESTAT:PRC_HPI_A(1.0),03/10/23 11:00:00,A,TOTAL,I10_A_AVG,EA,2020,122.90,
ESTAT:PRC_HPI_A(1.0),03/10/23 11:00:00,A,TOTAL,I10_A_AVG,EA,2021,132.62,
ESTAT:PRC_HPI_A(1.0),03/10/23 11:00:00,A,TOTAL,I10_A_AVG,EA,2022,141.94,
ESTAT:PRC_HPI_A(1.0),03/10/23 11:00:00,A,TOTAL,I10_A_AVG,EE,2006,138.06,
ESTAT:PRC_HPI_A(1.0),03/10/23 11:00:00,A,TOTAL,I10_A_AVG,EE,2007,166.72,
ESTAT:PRC_HPI_A(1.0),03/10/23 11:00:00,A,TOTAL,I10_A_AVG,EE,2008,150.69,
ESTAT:PRC_HPI_A(1.0),03/10/23 11:00:00,A,TOTAL,I10_A_AVG,EE,2009,94.63,
ESTAT:PRC_HPI_A(1.0),03/10/23 11:00:00,A,TOTAL,I10_A_AVG,EE,2010,100.00,
ESTAT:PRC_HPI_A(1.0),03/10/23 11:00:00,A,TOTAL,I10_A_AVG,EE,2011,108.49,
ESTAT:PRC_HPI_A(1.0),03/10/23 11:00:00,A,TOTAL,I10_A_AVG,EE,2012,116.39,
ESTAT:PRC_HPI_A(1.0),03/10/23 11:00:00,A,TOTAL,I10_A_AVG,EE,2013,128.79,
ESTAT:PRC_HPI_A(1.0),03/10/23 11:00:00,A,TOTAL,I10_A_AVG,EE,2014,146.45,
ESTAT:PRC_HPI_A(1.0),03/10/23 11:00:00,A,TOTAL,I10_A_AVG,EE,2015,156.50,
ESTAT:PRC_HPI_A(1.0),03/10/23 11:00:00,A,TOTAL,I10_A_AVG,EE,2016,163.92,
ESTAT:PRC_HPI_A(1.0),03/10/23 11:00:00,A,TOTAL,I10_A_AVG,EE,2017,172.95,
ESTAT:PRC_HPI_A(1.0),03/10/23 11:00:00,A,TOTAL,I10_A_AVG,EE,2018,183.20,
ESTAT:PRC_HPI_A(1.0),03/10/23 11:00:00,A,TOTAL,I10_A_AVG,EE,2019,196.04,
ESTAT:PRC_HPI_A(1.0),03/10/23 11:00:00,A,TOTAL,I10_A_AVG,EE,2020,207.81,
ESTAT:PRC_HPI_A(1.0),03/10/23 11:00:00,A,TOTAL,I10_A_AVG,EE,2021,239.09,
ESTAT:PRC_HPI_A(1.0),03/10/23 11:00:00,A,TOTAL,I10_A_AVG,EE,2022,292.27,
ESTAT:PRC_HPI_A(1.0),03/10/23 11:00:00,A,TOTAL,I10_A_AVG,ES,2006,100.71,
ESTAT:PRC_HPI_A(1.0),03/10/23 11:00:00,A,TOTAL,I10_A_AVG,ES,2007,110.58,
ESTAT:PRC_HPI_A(1.0),03/10/23 11:00:00,A,TOTAL,I10_A_AVG,ES,2008,109.00,
ESTAT:PRC_HPI_A(1.0),03/10/23 11:00:00,A,TOTAL,I10_A_AVG,ES,2009,101.80,
ESTAT:PRC_HPI_A(1.0),03/10/23 11:00:00,A,TOTAL,I10_A_AVG,ES,2010,100.00,
ESTAT:PRC_HPI_A(1.0),03/10/23 11:00:00,A,TOTAL,I10_A_AVG,ES,2011,92.36,
ESTAT:PRC_HPI_A(1.0),03/10/23 11:00:00,A,TOTAL,I10_A_AVG,ES,2012,78.71,
ESTAT:PRC_HPI_A(1.0),03/10/23 11:00:00,A,TOTAL,I10_A_AVG,ES,2013,71.52,
ESTAT:PRC_HPI_A(1.0),03/10/23 11:00:00,A,TOTAL,I10_A_AVG,ES,2014,71.75,
ESTAT:PRC_HPI_A(1.0),03/10/23 11:00:00,A,TOTAL,I10_A_AVG,ES,2015,74.32,
ESTAT:PRC_HPI_A(1.0),03/10/23 11:00:00,A,TOTAL,I10_A_AVG,ES,2016,77.76,
ESTAT:PRC_HPI_A(1.0),03/10/23 11:00:00,A,TOTAL,I10_A_AVG,ES,2017,82.57,
ESTAT:PRC_HPI_A(1.0),03/10/23 11:00:00,A,TOTAL,I10_A_AVG,ES,2018,88.13,
ESTAT:PRC_HPI_A(1.0),03/10/23 11:00:00,A,TOTAL,I10_A_AVG,ES,2019,92.69,
ESTAT:PRC_HPI_A(1.0),03/10/23 11:00:00,A,TOTAL,I10_A_AVG,ES,2020,94.76,
ESTAT:PRC_HPI_A(1.0),03/10/23 11:00:00,A,TOTAL,I10_A_AVG,ES,2021,98.25,
ESTAT:PRC_HPI_A(1.0),03/10/23 11:00:00,A,TOTAL,I10_A_AVG,ES,2022,105.52,
ESTAT:PRC_HPI_A(1.0),03/10/23 11:00:00,A,TOTAL,I10_A_AVG,EU,2006,94.89,
ESTAT:PRC_HPI_A(1.0),03/10/23 11:00:00,A,TOTAL,I10_A_AVG,EU,2007,102.87,
ESTAT:PRC_HPI_A(1.0),03/10/23 11:00:00,A,TOTAL,I10_A_AVG,EU,2008,103.44,
ESTAT:PRC_HPI_A(1.0),03/10/23 11:00:00,A,TOTAL,I10_A_AVG,EU,2009,98.80,
ESTAT:PRC_HPI_A(1.0),03/10/23 11:00:00,A,TOTAL,I10_A_AVG,EU,2010,100.00,
ESTAT:PRC_HPI_A(1.0),03/10/23 11:00:00,A,TOTAL,I10_A_AVG,EU,2011,100.31,
ESTAT:PRC_HPI_A(1.0),03/10/23 11:00:00,A,TOTAL,I10_A_AVG,EU,2012,98.45,
ESTAT:PRC_HPI_A(1.0),03/10/23 11:00:00,A,TOTAL,I10_A_AVG,EU,2013,97.27,
ESTAT:PRC_HPI_A(1.0),03/10/23 11:00:00,A,TOTAL,I10_A_AVG,EU,2014,98.87,
ESTAT:PRC_HPI_A(1.0),03/10/23 11:00:00,A,TOTAL,I10_A_AVG,EU,2015,101.58,
ESTAT:PRC_HPI_A(1.0),03/10/23 11:00:00,A,TOTAL,I10_A_AVG,EU,2016,106.34,
ESTAT:PRC_HPI_A(1.0),03/10/23 11:00:00,A,TOTAL,I10_A_AVG,EU,2017,111.34,
ESTAT:PRC_HPI_A(1.0),03/10/23 11:00:00,A,TOTAL,I10_A_AVG,EU,2018,116.61,
ESTAT:PRC_HPI_A(1.0),03/10/23 11:00:00,A,TOTAL,I10_A_AVG,EU,2019,121.63,
ESTAT:PRC_HPI_A(1.0),03/10/23 11:00:00,A,TOTAL,I10_A_AVG,EU,2020,128.18,
ESTAT:PRC_HPI_A(1.0),03/10/23 11:00:00,A,TOTAL,I10_A_AVG,EU,2021,138.95,
ESTAT:PRC_HPI_A(1.0),03/10/23 11:00:00,A,TOTAL,I10_A_AVG,EU,2022,149.63,
ESTAT:PRC_HPI_A(1.0),03/10/23 11:00:00,A,TOTAL,I10_A_AVG,FI,2006,86.87,
ESTAT:PRC_HPI_A(1.0),03/10/23 11:00:00,A,TOTAL,I10_A_AVG,FI,2007,92.00,
ESTAT:PRC_HPI_A(1.0),03/10/23 11:00:00,A,TOTAL,I10_A_AVG,FI,2008,92.73,
ESTAT:PRC_HPI_A(1.0),03/10/23 11:00:00,A,TOTAL,I10_A_AVG,FI,2009,94.07,
ESTAT:PRC_HPI_A(1.0),03/10/23 11:00:00,A,TOTAL,I10_A_AVG,FI,2010,100.00,
ESTAT:PRC_HPI_A(1.0),03/10/23 11:00:00,A,TOTAL,I10_A_AVG,FI,2011,103.18,
ESTAT:PRC_HPI_A(1.0),03/10/23 11:00:00,A,TOTAL,I10_A_AVG,FI,2012,105.67,
ESTAT:PRC_HPI_A(1.0),03/10/23 11:00:00,A,TOTAL,I10_A_AVG,FI,2013,106.89,
ESTAT:PRC_HPI_A(1.0),03/10/23 11:00:00,A,TOTAL,I10_A_AVG,FI,2014,106.51,
ESTAT:PRC_HPI_A(1.0),03/10/23 11:00:00,A,TOTAL,I10_A_AVG,FI,2015,106.52,b
ESTAT:PRC_HPI_A(1.0),03/10/23 11:00:00,A,TOTAL,I10_A_AVG,FI,2016,107.89,
ESTAT:PRC_HPI_A(1.0),03/10/23 11:00:00,A,TOTAL,I10_A_AVG,FI,2017,109.06,
ESTAT:PRC_HPI_A(1.0),03/10/23 11:00:00,A,TOTAL,I10_A_AVG,FI,2018,110.07,
ESTAT:PRC_HPI_A(1.0),03/10/23 11:00:00,A,TOTAL,I10_A_AVG,FI,2019,110.53,
ESTAT:PRC_HPI_A(1.0),03/10/23 11:00:00,A,TOTAL,I10_A_AVG,FI,2020,112.48,
ESTAT:PRC_HPI_A(1.0),03/10/23 11:00:00,A,TOTAL,I10_A_AVG,FI,2021,117.65,
ESTAT:PRC_HPI_A(1.0),03/10/23 11:00:00,A,TOTAL,I10_A_AVG,FI,2022,119.03,
ESTAT:PRC_HPI_A(1.0),03/10/23 11:00:00,A,TOTAL,I10_A_AVG,FR,2006,94.76,
ESTAT:PRC_HPI_A(1.0),03/10/23 11:00:00,A,TOTAL,I10_A_AVG,FR,2007,100.83,
ESTAT:PRC_HPI_A(1.0),03/10/23 11:00:00,A,TOTAL,I10_A_AVG,FR,2008,101.78,
ESTAT:PRC_HPI_A(1.0),03/10/23 11:00:00,A,TOTAL,I10_A_AVG,FR,2009,95.57,
ESTAT:PRC_HPI_A(1.0),03/10/23 11:00:00,A,TOTAL,I10_A_AVG,FR,2010,100.00,
ESTAT:PRC_HPI_A(1.0),03/10/23 11:00:00,A,TOTAL,I10_A_AVG,FR,2011,105.73,
ESTAT:PRC_HPI_A(1.0),03/10/23 11:00:00,A,TOTAL,I10_A_AVG,FR,2012,105.15,
ESTAT:PRC_HPI_A(1.0),03/10/23 11:00:00,A,TOTAL,I10_A_AVG,FR,2013,103.20,
ESTAT:PRC_HPI_A(1.0),03/10/23 11:00:00,A,TOTAL,I10_A_AVG,FR,2014,101.62,
ESTAT:PRC_HPI_A(1.0),03/10/23 11:00:00,A,TOTAL,I10_A_AVG,FR,2015,100.26,
ESTAT:PRC_HPI_A(1.0),03/10/23 11:00:00,A,TOTAL,I10_A_AVG,FR,2016,101.31,
ESTAT:PRC_HPI_A(1.0),03/10/23 11:00:00,A,TOTAL,I10_A_AVG,FR,2017,104.51,
ESTAT:PRC_HPI_A(1.0),03/10/23 11:00:00,A,TOTAL,I10_A_AVG,FR,2018,107.57,
ESTAT:PRC_HPI_A(1.0),03/10/23 11:00:00,A,TOTAL,I10_A_AVG,FR,2019,111.14,
ESTAT:PRC_HPI_A(1.0),03/10/23 11:00:00,A,TOTAL,I10_A_AVG,FR,2020,116.92,
ESTAT:PRC_HPI_A(1.0),03/10/23 11:00:00,A,TOTAL,I10_A_AVG,FR,2021,124.30,
ESTAT:PRC_HPI_A(1.0),03/10/23 11:00:00,A,TOTAL,I10_A_AVG,FR,2022,132.16,
ESTAT:PRC_HPI_A(1.0),03/10/23 11:00:00,A,TOTAL,I10_A_AVG,HR,2008,112.38,
ESTAT:PRC_HPI_A(1.0),03/10/23 11:00:00,A,TOTAL,I10_A_AVG,HR,2009,106.76,
ESTAT:PRC_HPI_A(1.0),03/10/23 11:00:00,A,TOTAL,I10_A_AVG,HR,2010,100.00,
ESTAT:PRC_HPI_A(1.0),03/10/23 11:00:00,A,TOTAL,I10_A_AVG,HR,2011,100.18,
ESTAT:PRC_HPI_A(1.0),03/10/23 11:00:00,A,TOTAL,I10_A_AVG,HR,2012,98.61,
ESTAT:PRC_HPI_A(1.0),03/10/23 11:00:00,A,TOTAL,I10_A_AVG,HR,2013,94.71,
ESTAT:PRC_HPI_A(1.0),03/10/23 11:00:00,A,TOTAL,I10_A_AVG,HR,2014,93.22,
ESTAT:PRC_HPI_A(1.0),03/10/23 11:00:00,A,TOTAL,I10_A_AVG,HR,2015,90.53,
ESTAT:PRC_HPI_A(1.0),03/10/23 11:00:00,A,TOTAL,I10_A_AVG,HR,2016,91.33,
ESTAT:PRC_HPI_A(1.0),03/10/23 11:00:00,A,TOTAL,I10_A_AVG,HR,2017,94.82,
ESTAT:PRC_HPI_A(1.0),03/10/23 11:00:00,A,TOTAL,I10_A_AVG,HR,2018,100.61,
ESTAT:PRC_HPI_A(1.0),03/10/23 11:00:00,A,TOTAL,I10_A_AVG,HR,2019,109.63,
ESTAT:PRC_HPI_A(1.0),03/10/23 11:00:00,A,TOTAL,I10_A_AVG,HR,2020,118.03,
ESTAT:PRC_HPI_A(1.0),03/10/23 11:00:00,A,TOTAL,I10_A_AVG,HR,2021,126.66,
ESTAT:PRC_HPI_A(1.0),03/10/23 11:00:00,A,TOTAL,I10_A_AVG,HR,2022,145.46,
ESTAT:PRC_HPI_A(1.0),03/10/23 11:00:00,A,TOTAL,I10_A_AVG,HU,2007,105.61,
ESTAT:PRC_HPI_A(1.0),03/10/23 11:00:00,A,TOTAL,I10_A_AVG,HU,2008,108.12,
ESTAT:PRC_HPI_A(1.0),03/10/23 11:00:00,A,TOTAL,I10_A_AVG,HU,2009,102.45,
ESTAT:PRC_HPI_A(1.0),03/10/23 11:00:00,A,TOTAL,I10_A_AVG,HU,2010,100.00,
ESTAT:PRC_HPI_A(1.0),03/10/23 11:00:00,A,TOTAL,I10_A_AVG,HU,2011,96.57,
ESTAT:PRC_HPI_A(1.0),03/10/23 11:00:00,A,TOTAL,I10_A_AVG,HU,2012,93.00,
ESTAT:PRC_HPI_A(1.0),03/10/23 11:00:00,A,TOTAL,I10_A_AVG,HU,2013,90.62,
ESTAT:PRC_HPI_A(1.0),03/10/23 11:00:00,A,TOTAL,I10_A_AVG,HU,2014,94.41,
ESTAT:PRC_HPI_A(1.0),03/10/23 11:00:00,A,TOTAL,I10_A_AVG,HU,2015,106.77,
ESTAT:PRC_HPI_A(1.0),03/10/23 11:00:00,A,TOTAL,I10_A_AVG,HU,2016,121.06,
ESTAT:PRC_HPI_A(1.0),03/10/23 11:00:00,A,TOTAL,I10_A_AVG,HU,2017,135.86,
ESTAT:PRC_HPI_A(1.0),03/10/23 11:00:00,A,TOTAL,I10_A_AVG,HU,2018,155.35,
ESTAT:PRC_HPI_A(1.0),03/10/23 11:00:00,A,TOTAL,I10_A_AVG,HU,2019,181.69,
ESTAT:PRC_HPI_A(1.0),03/10/23 11:00:00,A,TOTAL,I10_A_AVG,HU,2020,190.67,
ESTAT:PRC_HPI_A(1.0),03/10/23 11:00:00,A,TOTAL,I10_A_AVG,HU,2021,222.12,
ESTAT:PRC_HPI_A(1.0),03/10/23 11:00:00,A,TOTAL,I10_A_AVG,HU,2022,271.57,p
ESTAT:PRC_HPI_A(1.0),03/10/23 11:00:00,A,TOTAL,I10_A_AVG,IE,2006,142.98,
ESTAT:PRC_HPI_A(1.0),03/10/23 11:00:00,A,TOTAL,I10_A_AVG,IE,2007,153.65,
ESTAT:PRC_HPI_A(1.0),03/10/23 11:00:00,A,TOTAL,I10_A_AVG,IE,2008,142.98,
ESTAT:PRC_HPI_A(1.0),03/10/23 11:00:00,A,TOTAL,I10_A_AVG,IE,2009,115.60,
ESTAT:PRC_HPI_A(1.0),03/10/23 11:00:00,A,TOTAL,I10_A_AVG,IE,2010,100.00,
ESTAT:PRC_HPI_A(1.0),03/10/23 11:00:00,A,TOTAL,I10_A_AVG,IE,2011,82.92,
ESTAT:PRC_HPI_A(1.0),03/10/23 11:00:00,A,TOTAL,I10_A_AVG,IE,2012,71.76,
ESTAT:PRC_HPI_A(1.0),03/10/23 11:00:00,A,TOTAL,I10_A_AVG,IE,2013,72.66,
ESTAT:PRC_HPI_A(1.0),03/10/23 11:00:00,A,TOTAL,I10_A_AVG,IE,2014,84.67,
ESTAT:PRC_HPI_A(1.0),03/10/23 11:00:00,A,TOTAL,I10_A_AVG,IE,2015,94.38,
ESTAT:PRC_HPI_A(1.0),03/10/23 11:00:00,A,TOTAL,I10_A_AVG,IE,2016,101.42,
ESTAT:PRC_HPI_A(1.0),03/10/23 11:00:00,A,TOTAL,I10_A_AVG,IE,2017,112.44,
ESTAT:PRC_HPI_A(1.0),03/10/23 11:00:00,A,TOTAL,I10_A_AVG,IE,2018,123.94,
ESTAT:PRC_HPI_A(1.0),03/10/23 11:00:00,A,TOTAL,I10_A_AVG,IE,2019,126.85,
ESTAT:PRC_HPI_A(1.0),03/10/23 11:00:00,A,TOTAL,I10_A_AVG,IE,2020,127.24,
ESTAT:PRC_HPI_A(1.0),03/10/23 11:00:00,A,TOTAL,I10_A_AVG,IE,2021,137.77,
ESTAT:PRC_HPI_A(1.0),03/10/23 11:00:00,A,TOTAL,I10_A_AVG,IE,2022,154.74,
ESTAT:PRC_HPI_A(1.0),03/10/23 11:00:00,A,TOTAL,I10_A_AVG,IS,2006,98.30,
ESTAT:PRC_HPI_A(1.0),03/10/23 11:00:00,A,TOTAL,I10_A_AVG,IS,2007,107.53,
ESTAT:PRC_HPI_A(1.0),03/10/23 11:00:00,A,TOTAL,I10_A_AVG,IS,2008,114.22,
ESTAT:PRC_HPI_A(1.0),03/10/23 11:00:00,A,TOTAL,I10_A_AVG,IS,2009,103.13,
ESTAT:PRC_HPI_A(1.0),03/10/23 11:00:00,A,TOTAL,I10_A_AVG,IS,2010,100.00,
ESTAT:PRC_HPI_A(1.0),03/10/23 11:00:00,A,TOTAL,I10_A_AVG,IS,2011,104.64,
ESTAT:PRC_HPI_A(1.0),03/10/23 11:00:00,A,TOTAL,I10_A_AVG,IS,2012,111.86,
ESTAT:PRC_HPI_A(1.0),03/10/23 11:00:00,A,TOTAL,I10_A_AVG,IS,2013,118.31,
ESTAT:PRC_HPI_A(1.0),03/10/23 11:00:00,A,TOTAL,I10_A_AVG,IS,2014,128.28,
ESTAT:PRC_HPI_A(1.0),03/10/23 11:00:00,A,TOTAL,I10_A_AVG,IS,2015,138.85,
ESTAT:PRC_HPI_A(1.0),03/10/23 11:00:00,A,TOTAL,I10_A_AVG,IS,2016,152.41,
ESTAT:PRC_HPI_A(1.0),03/10/23 11:00:00,A,TOTAL,I10_A_AVG,IS,2017,182.17,
ESTAT:PRC_HPI_A(1.0),03/10/23 11:00:00,A,TOTAL,I10_A_AVG,IS,2018,197.18,
ESTAT:PRC_HPI_A(1.0),03/10/23 11:00:00,A,TOTAL,I10_A_AVG,IS,2019,205.90,
ESTAT:PRC_HPI_A(1.0),03/10/23 11:00:00,A,TOTAL,I10_A_AVG,IS,2020,219.09,
ESTAT:PRC_HPI_A(1.0),03/10/23 11:00:00,A,TOTAL,I10_A_AVG,IS,2021,246.54,
ESTAT:PRC_HPI_A(1.0),03/10/23 11:00:00,A,TOTAL,I10_A_AVG,IS,2022,298.31,
ESTAT:PRC_HPI_A(1.0),03/10/23 11:00:00,A,TOTAL,I10_A_AVG,IT,2010,100.00,
ESTAT:PRC_HPI_A(1.0),03/10/23 11:00:00,A,TOTAL,I10_A_AVG,IT,2011,101.40,
ESTAT:PRC_HPI_A(1.0),03/10/23 11:00:00,A,TOTAL,I10_A_AVG,IT,2012,98.80,
ESTAT:PRC_HPI_A(1.0),03/10/23 11:00:00,A,TOTAL,I10_A_AVG,IT,2013,92.40,
ESTAT:PRC_HPI_A(1.0),03/10/23 11:00:00,A,TOTAL,I10_A_AVG,IT,2014,88.00,
ESTAT:PRC_HPI_A(1.0),03/10/23 11:00:00,A,TOTAL,I10_A_AVG,IT,2015,84.70,
ESTAT:PRC_HPI_A(1.0),03/10/23 11:00:00,A,TOTAL,I10_A_AVG,IT,2016,84.90,
ESTAT:PRC_HPI_A(1.0),03/10/23 11:00:00,A,TOTAL,I10_A_AVG,IT,2017,84.00,
ESTAT:PRC_HPI_A(1.0),03/10/23 11:00:00,A,TOTAL,I10_A_AVG,IT,2018,83.50,
ESTAT:PRC_HPI_A(1.0),03/10/23 11:00:00,A,TOTAL,I10_A_AVG,IT,2019,83.40,
ESTAT:PRC_HPI_A(1.0),03/10/23 11:00:00,A,TOTAL,I10_A_AVG,IT,2020,85.00,
ESTAT:PRC_HPI_A(1.0),03/10/23 11:00:00,A,TOTAL,I10_A_AVG,IT,2021,87.20,
ESTAT:PRC_HPI_A(1.0),03/10/23 11:00:00,A,TOTAL,I10_A_AVG,IT,2022,90.50,
ESTAT:PRC_HPI_A(1.0),03/10/23 11:00:00,A,TOTAL,I10_A_AVG,LT,2006,111.93,
ESTAT:PRC_HPI_A(1.0),03/10/23 11:00:00,A,TOTAL,I10_A_AVG,LT,2007,141.39,
ESTAT:PRC_HPI_A(1.0),03/10/23 11:00:00,A,TOTAL,I10_A_AVG,LT,2008,154.10,
ESTAT:PRC_HPI_A(1.0),03/10/23 11:00:00,A,TOTAL,I10_A_AVG,LT,2009,107.98,
ESTAT:PRC_HPI_A(1.0),03/10/23 11:00:00,A,TOTAL,I10_A_AVG,LT,2010,100.00,
ESTAT:PRC_HPI_A(1.0),03/10/23 11:00:00,A,TOTAL,I10_A_AVG,LT,2011,106.60,
ESTAT:PRC_HPI_A(1.0),03/10/23 11:00:00,A,TOTAL,I10_A_AVG,LT,2012,106.36,
ESTAT:PRC_HPI_A(1.0),03/10/23 11:00:00,A,TOTAL,I10_A_AVG,LT,2013,107.65,
ESTAT:PRC_HPI_A(1.0),03/10/23 11:00:00,A,TOTAL,I10_A_AVG,LT,2014,114.57,
ESTAT:PRC_HPI_A(1.0),03/10/23 11:00:00,A,TOTAL,I10_A_AVG,LT,2015,118.76,
ESTAT:PRC_HPI_A(1.0),03/10/23 11:00:00,A,TOTAL,I10_A_AVG,LT,2016,125.18,
ESTAT:PRC_HPI_A(1.0),03/10/23 11:00:00,A,TOTAL,I10_A_AVG,LT,2017,136.33,
ESTAT:PRC_HPI_A(1.0),03/10/23 11:00:00,A,TOTAL,I10_A_AVG,LT,2018,146.29,
ESTAT:PRC_HPI_A(1.0),03/10/23 11:00:00,A,TOTAL,I10_A_AVG,LT,2019,156.30,
ESTAT:PRC_HPI_A(1.0),03/10/23 11:00:00,A,TOTAL,I10_A_AVG,LT,2020,167.66,
ESTAT:PRC_HPI_A(1.0),03/10/23 11:00:00,A,TOTAL,I10_A_AVG,LT,2021,194.58,
ESTAT:PRC_HPI_A(1.0),03/10/23 11:00:00,A,TOTAL,I10_A_AVG,LT,2022,231.64,
ESTAT:PRC_HPI_A(1.0),03/10/23 11:00:00,A,TOTAL,I10_A_AVG,LU,2007,92.86,
ESTAT:PRC_HPI_A(1.0),03/10/23 11:00:00,A,TOTAL,I10_A_AVG,LU,2008,95.96,
ESTAT:PRC_HPI_A(1.0),03/10/23 11:00:00,A,TOTAL,I10_A_AVG,LU,2009,94.86,
ESTAT:PRC_HPI_A(1.0),03/10/23 11:00:00,A,TOTAL,I10_A_AVG,LU,2010,100.00,
ESTAT:PRC_HPI_A(1.0),03/10/23 11:00:00,A,TOTAL,I10_A_AVG,LU,2011,103.68,
ESTAT:PRC_HPI_A(1.0),03/10/23 11:00:00,A,TOTAL,I10_A_AVG,LU,2012,108.03,
ESTAT:PRC_HPI_A(1.0),03/10/23 11:00:00,A,TOTAL,I10_A_AVG,LU,2013,113.42,
ESTAT:PRC_HPI_A(1.0),03/10/23 11:00:00,A,TOTAL,I10_A_AVG,LU,2014,118.39,
ESTAT:PRC_HPI_A(1.0),03/10/23 11:00:00,A,TOTAL,I10_A_AVG,LU,2015,124.78,
ESTAT:PRC_HPI_A(1.0),03/10/23 11:00:00,A,TOTAL,I10_A_AVG,LU,2016,132.28,
ESTAT:PRC_HPI_A(1.0),03/10/23 11:00:00,A,TOTAL,I10_A_AVG,LU,2017,139.70,
ESTAT:PRC_HPI_A(1.0),03/10/23 11:00:00,A,TOTAL,I10_A_AVG,LU,2018,149.56,
ESTAT:PRC_HPI_A(1.0),03/10/23 11:00:00,A,TOTAL,I10_A_AVG,LU,2019,164.69,
ESTAT:PRC_HPI_A(1.0),03/10/23 11:00:00,A,TOTAL,I10_A_AVG,LU,2020,188.56,
ESTAT:PRC_HPI_A(1.0),03/10/23 11:00:00,A,TOTAL,I10_A_AVG,LU,2021,214.81,
ESTAT:PRC_HPI_A(1.0),03/10/23 11:00:00,A,TOTAL,I10_A_AVG,LU,2022,235.33,
ESTAT:PRC_HPI_A(1.0),03/10/23 11:00:00,A,TOTAL,I10_A_AVG,LV,2006,130.02,
ESTAT:PRC_HPI_A(1.0),03/10/23 11:00:00,A,TOTAL,I10_A_AVG,LV,2007,177.19,
ESTAT:PRC_HPI_A(1.0),03/10/23 11:00:00,A,TOTAL,I10_A_AVG,LV,2008,179.15,
ESTAT:PRC_HPI_A(1.0),03/10/23 11:00:00,A,TOTAL,I10_A_AVG,LV,2009,112.31,
ESTAT:PRC_HPI_A(1.0),03/10/23 11:00:00,A,TOTAL,I10_A_AVG,LV,2010,100.00,
ESTAT:PRC_HPI_A(1.0),03/10/23 11:00:00,A,TOTAL,I10_A_AVG,LV,2011,110.42,
ESTAT:PRC_HPI_A(1.0),03/10/23 11:00:00,A,TOTAL,I10_A_AVG,LV,2012,113.71,
ESTAT:PRC_HPI_A(1.0),03/10/23 11:00:00,A,TOTAL,I10_A_AVG,LV,2013,121.50,
ESTAT:PRC_HPI_A(1.0),03/10/23 11:00:00,A,TOTAL,I10_A_AVG,LV,2014,128.78,
ESTAT:PRC_HPI_A(1.0),03/10/23 11:00:00,A,TOTAL,I10_A_AVG,LV,2015,124.46,
ESTAT:PRC_HPI_A(1.0),03/10/23 11:00:00,A,TOTAL,I10_A_AVG,LV,2016,135.03,
ESTAT:PRC_HPI_A(1.0),03/10/23 11:00:00,A,TOTAL,I10_A_AVG,LV,2017,146.87,
ESTAT:PRC_HPI_A(1.0),03/10/23 11:00:00,A,TOTAL,I10_A_AVG,LV,2018,160.92,
ESTAT:PRC_HPI_A(1.0),03/10/23 11:00:00,A,TOTAL,I10_A_AVG,LV,2019,175.33,
ESTAT:PRC_HPI_A(1.0),03/10/23 11:00:00,A,TOTAL,I10_A_AVG,LV,2020,181.42,
ESTAT:PRC_HPI_A(1.0),03/10/23 11:00:00,A,TOTAL,I10_A_AVG,LV,2021,201.18,
ESTAT:PRC_HPI_A(1.0),03/10/23 11:00:00,A,TOTAL,I10_A_AVG,LV,2022,229.01,
ESTAT:PRC_HPI_A(1.0),03/10/23 11:00:00,A,TOTAL,I10_A_AVG,MT,2006,76.94,
ESTAT:PRC_HPI_A(1.0),03/10/23 11:00:00,A,TOTAL,I10_A_AVG,MT,2007,93.09,
ESTAT:PRC_HPI_A(1.0),03/10/23 11:00:00,A,TOTAL,I10_A_AVG,MT,2008,103.41,
ESTAT:PRC_HPI_A(1.0),03/10/23 11:00:00,A,TOTAL,I10_A_AVG,MT,2009,98.94,
ESTAT:PRC_HPI_A(1.0),03/10/23 11:00:00,A,TOTAL,I10_A_AVG,MT,2010,100.00,
ESTAT:PRC_HPI_A(1.0),03/10/23 11:00:00,A,TOTAL,I10_A_AVG,MT,2011,98.64,
ESTAT:PRC_HPI_A(1.0),03/10/23 11:00:00,A,TOTAL,I10_A_AVG,MT,2012,101.65,
ESTAT:PRC_HPI_A(1.0),03/10/23 11:00:00,A,TOTAL,I10_A_AVG,MT,2013,101.23,
ESTAT:PRC_HPI_A(1.0),03/10/23 11:00:00,A,TOTAL,I10_A_AVG,MT,2014,103.82,
ESTAT:PRC_HPI_A(1.0),03/10/23 11:00:00,A,TOTAL,I10_A_AVG,MT,2015,109.85,
ESTAT:PRC_HPI_A(1.0),03/10/23 11:00:00,A,TOTAL,I10_A_AVG,MT,2016,115.84,
ESTAT:PRC_HPI_A(1.0),03/10/23 11:00:00,A,TOTAL,I10_A_AVG,MT,2017,121.96,
ESTAT:PRC_HPI_A(1.0),03/10/23 11:00:00,A,TOTAL,I10_A_AVG,MT,2018,129.01,
ESTAT:PRC_HPI_A(1.0),03/10/23 11:00:00,A,TOTAL,I10_A_AVG,MT,2019,136.92,
ESTAT:PRC_HPI_A(1.0),03/10/23 11:00:00,A,TOTAL,I10_A_AVG,MT,2020,141.55,
ESTAT:PRC_HPI_A(1.0),03/10/23 11:00:00,A,TOTAL,I10_A_AVG,MT,2021,148.77,
ESTAT:PRC_HPI_A(1.0),03/10/23 11:00:00,A,TOTAL,I10_A_AVG,MT,2022,158.67,p
ESTAT:PRC_HPI_A(1.0),03/10/23 11:00:00,A,TOTAL,I10_A_AVG,NL,2006,99.40,
ESTAT:PRC_HPI_A(1.0),03/10/23 11:00:00,A,TOTAL,I10_A_AVG,NL,2007,104.22,
ESTAT:PRC_HPI_A(1.0),03/10/23 11:00:00,A,TOTAL,I10_A_AVG,NL,2008,106.50,
ESTAT:PRC_HPI_A(1.0),03/10/23 11:00:00,A,TOTAL,I10_A_AVG,NL,2009,101.75,
ESTAT:PRC_HPI_A(1.0),03/10/23 11:00:00,A,TOTAL,I10_A_AVG,NL,2010,100.00,
ESTAT:PRC_HPI_A(1.0),03/10/23 11:00:00,A,TOTAL,I10_A_AVG,NL,2011,98.02,
ESTAT:PRC_HPI_A(1.0),03/10/23 11:00:00,A,TOTAL,I10_A_AVG,NL,2012,91.44,
ESTAT:PRC_HPI_A(1.0),03/10/23 11:00:00,A,TOTAL,I10_A_AVG,NL,2013,85.95,
ESTAT:PRC_HPI_A(1.0),03/10/23 11:00:00,A,TOTAL,I10_A_AVG,NL,2014,86.66,
ESTAT:PRC_HPI_A(1.0),03/10/23 11:00:00,A,TOTAL,I10_A_AVG,NL,2015,89.77,
ESTAT:PRC_HPI_A(1.0),03/10/23 11:00:00,A,TOTAL,I10_A_AVG,NL,2016,94.27,
ESTAT:PRC_HPI_A(1.0),03/10/23 11:00:00,A,TOTAL,I10_A_AVG,NL,2017,101.38,
ESTAT:PRC_HPI_A(1.0),03/10/23 11:00:00,A,TOTAL,I10_A_AVG,NL,2018,110.96,
ESTAT:PRC_HPI_A(1.0),03/10/23 11:00:00,A,TOTAL,I10_A_AVG,NL,2019,119.05,
ESTAT:PRC_HPI_A(1.0),03/10/23 11:00:00,A,TOTAL,I10_A_AVG,NL,2020,128.14,
ESTAT:PRC_HPI_A(1.0),03/10/23 11:00:00,A,TOTAL,I10_A_AVG,NL,2021,147.40,
ESTAT:PRC_HPI_A(1.0),03/10/23 11:00:00,A,TOTAL,I10_A_AVG,NL,2022,167.23,
ESTAT:PRC_HPI_A(1.0),03/10/23 11:00:00,A,TOTAL,I10_A_AVG,NO,2006,81.39,d
ESTAT:PRC_HPI_A(1.0),03/10/23 11:00:00,A,TOTAL,I10_A_AVG,NO,2007,91.64,d
ESTAT:PRC_HPI_A(1.0),03/10/23 11:00:00,A,TOTAL,I10_A_AVG,NO,2008,90.66,d
ESTAT:PRC_HPI_A(1.0),03/10/23 11:00:00,A,TOTAL,I10_A_AVG,NO,2009,92.38,d
ESTAT:PRC_HPI_A(1.0),03/10/23 11:00:00,A,TOTAL,I10_A_AVG,NO,2010,100.00,
ESTAT:PRC_HPI_A(1.0),03/10/23 11:00:00,A,TOTAL,I10_A_AVG,NO,2011,108.17,
ESTAT:PRC_HPI_A(1.0),03/10/23 11:00:00,A,TOTAL,I10_A_AVG,NO,2012,115.46,
ESTAT:PRC_HPI_A(1.0),03/10/23 11:00:00,A,TOTAL,I10_A_AVG,NO,2013,120.43,
ESTAT:PRC_HPI_A(1.0),03/10/23 11:00:00,A,TOTAL,I10_A_AVG,NO,2014,123.72,
ESTAT:PRC_HPI_A(1.0),03/10/23 11:00:00,A,TOTAL,I10_A_AVG,NO,2015,131.99,
ESTAT:PRC_HPI_A(1.0),03/10/23 11:00:00,A,TOTAL,I10_A_AVG,NO,2016,142.39,
ESTAT:PRC_HPI_A(1.0),03/10/23 11:00:00,A,TOTAL,I10_A_AVG,NO,2017,150.13,
ESTAT:PRC_HPI_A(1.0),03/10/23 11:00:00,A,TOTAL,I10_A_AVG,NO,2018,152.48,
ESTAT:PRC_HPI_A(1.0),03/10/23 11:00:00,A,TOTAL,I10_A_AVG,NO,2019,158.62,
ESTAT:PRC_HPI_A(1.0),03/10/23 11:00:00,A,TOTAL,I10_A_AVG,NO,2020,166.45,
ESTAT:PRC_HPI_A(1.0),03/10/23 11:00:00,A,TOTAL,I10_A_AVG,NO,2021,181.69,
ESTAT:PRC_HPI_A(1.0),03/10/23 11:00:00,A,TOTAL,I10_A_AVG,NO,2022,192.32,
ESTAT:PRC_HPI_A(1.0),03/10/23 11:00:00,A,TOTAL,I10_A_AVG,PL,2010,100.00,
ESTAT:PRC_HPI_A(1.0),03/10/23 11:00:00,A,TOTAL,I10_A_AVG,PL,2011,100.07,
ESTAT:PRC_HPI_A(1.0),03/10/23 11:00:00,A,TOTAL,I10_A_AVG,PL,2012,96.58,
ESTAT:PRC_HPI_A(1.0),03/10/23 11:00:00,A,TOTAL,I10_A_AVG,PL,2013,92.35,
ESTAT:PRC_HPI_A(1.0),03/10/23 11:00:00,A,TOTAL,I10_A_AVG,PL,2014,93.27,
ESTAT:PRC_HPI_A(1.0),03/10/23 11:00:00,A,TOTAL,I10_A_AVG,PL,2015,94.69,
ESTAT:PRC_HPI_A(1.0),03/10/23 11:00:00,A,TOTAL,I10_A_AVG,PL,2016,96.45,
ESTAT:PRC_HPI_A(1.0),03/10/23 11:00:00,A,TOTAL,I10_A_AVG,PL,2017,100.16,
ESTAT:PRC_HPI_A(1.0),03/10/23 11:00:00,A,TOTAL,I10_A_AVG,PL,2018,106.75,
ESTAT:PRC_HPI_A(1.0),03/10/23 11:00:00,A,TOTAL,I10_A_AVG,PL,2019,116.01,
ESTAT:PRC_HPI_A(1.0),03/10/23 11:00:00,A,TOTAL,I10_A_AVG,PL,2020,128.17,
ESTAT:PRC_HPI_A(1.0),03/10/23 11:00:00,A,TOTAL,I10_A_AVG,PL,2021,139.92,
ESTAT:PRC_HPI_A(1.0),03/10/23 11:00:00,A,TOTAL,I10_A_AVG,PL,2022,156.43,
ESTAT:PRC_HPI_A(1.0),03/10/23 11:00:00,A,TOTAL,I10_A_AVG,PT,2008,100.16,
ESTAT:PRC_HPI_A(1.0),03/10/23 11:00:00,A,TOTAL,I10_A_AVG,PT,2009,99.24,
ESTAT:PRC_HPI_A(1.0),03/10/23 11:00:00,A,TOTAL,I10_A_AVG,PT,2010,100.00,
ESTAT:PRC_HPI_A(1.0),03/10/23 11:00:00,A,TOTAL,I10_A_AVG,PT,2011,95.10,
ESTAT:PRC_HPI_A(1.0),03/10/23 11:00:00,A,TOTAL,I10_A_AVG,PT,2012,88.38,
ESTAT:PRC_HPI_A(1.0),03/10/23 11:00:00,A,TOTAL,I10_A_AVG,PT,2013,86.71,
ESTAT:PRC_HPI_A(1.0),03/10/23 11:00:00,A,TOTAL,I10_A_AVG,PT,2014,90.39,
ESTAT:PRC_HPI_A(1.0),03/10/23 11:00:00,A,TOTAL,I10_A_AVG,PT,2015,93.15,
ESTAT:PRC_HPI_A(1.0),03/10/23 11:00:00,A,TOTAL,I10_A_AVG,PT,2016,99.77,
ESTAT:PRC_HPI_A(1.0),03/10/23 11:00:00,A,TOTAL,I10_A_AVG,PT,2017,109.00,
ESTAT:PRC_HPI_A(1.0),03/10/23 11:00:00,A,TOTAL,I10_A_AVG,PT,2018,120.19,
ESTAT:PRC_HPI_A(1.0),03/10/23 11:00:00,A,TOTAL,I10_A_AVG,PT,2019,132.16,
ESTAT:PRC_HPI_A(1.0),03/10/23 11:00:00,A,TOTAL,I10_A_AVG,PT,2020,143.75,
ESTAT:PRC_HPI_A(1.0),03/10/23 11:00:00,A,TOTAL,I10_A_AVG,PT,2021,157.27,
ESTAT:PRC_HPI_A(1.0),03/10/23 11:00:00,A,TOTAL,I10_A_AVG,PT,2022,177.14,
ESTAT:PRC_HPI_A(1.0),03/10/23 11:00:00,A,TOTAL,I10_A_AVG,RO,2009,108.15,
ESTAT:PRC_HPI_A(1.0),03/10/23 11:00:00,A,TOTAL,I10_A_AVG,RO,2010,100.00,
ESTAT:PRC_HPI_A(1.0),03/10/23 11:00:00,A,TOTAL,I10_A_AVG,RO,2011,87.69,
ESTAT:PRC_HPI_A(1.0),03/10/23 11:00:00,A,TOTAL,I10_A_AVG,RO,2012,83.25,
ESTAT:PRC_HPI_A(1.0),03/10/23 11:00:00,A,TOTAL,I10_A_AVG,RO,2013,83.03,
ESTAT:PRC_HPI_A(1.0),03/10/23 11:00:00,A,TOTAL,I10_A_AVG,RO,2014,81.33,
ESTAT:PRC_HPI_A(1.0),03/10/23 11:00:00,A,TOTAL,I10_A_AVG,RO,2015,83.65,
ESTAT:PRC_HPI_A(1.0),03/10/23 11:00:00,A,TOTAL,I10_A_AVG,RO,2016,88.63,
ESTAT:PRC_HPI_A(1.0),03/10/23 11:00:00,A,TOTAL,I10_A_AVG,RO,2017,93.99,
ESTAT:PRC_HPI_A(1.0),03/10/23 11:00:00,A,TOTAL,I10_A_AVG,RO,2018,99.23,
ESTAT:PRC_HPI_A(1.0),03/10/23 11:00:00,A,TOTAL,I10_A_AVG,RO,2019,102.63,
ESTAT:PRC_HPI_A(1.0),03/10/23 11:00:00,A,TOTAL,I10_A_AVG,RO,2020,107.44,
ESTAT:PRC_HPI_A(1.0),03/10/23 11:00:00,A,TOTAL,I10_A_AVG,RO,2021,112.17,
ESTAT:PRC_HPI_A(1.0),03/10/23 11:00:00,A,TOTAL,I10_A_AVG,RO,2022,120.21,
ESTAT:PRC_HPI_A(1.0),03/10/23 11:00:00,A,TOTAL,I10_A_AVG,SE,2006,79.03,
ESTAT:PRC_HPI_A(1.0),03/10/23 11:00:00,A,TOTAL,I10_A_AVG,SE,2007,88.88,
ESTAT:PRC_HPI_A(1.0),03/10/23 11:00:00,A,TOTAL,I10_A_AVG,SE,2008,89.87,
ESTAT:PRC_HPI_A(1.0),03/10/23 11:00:00,A,TOTAL,I10_A_AVG,SE,2009,92.70,
ESTAT:PRC_HPI_A(1.0),03/10/23 11:00:00,A,TOTAL,I10_A_AVG,SE,2010,100.00,
ESTAT:PRC_HPI_A(1.0),03/10/23 11:00:00,A,TOTAL,I10_A_AVG,SE,2011,102.58,
ESTAT:PRC_HPI_A(1.0),03/10/23 11:00:00,A,TOTAL,I10_A_AVG,SE,2012,103.87,
ESTAT:PRC_HPI_A(1.0),03/10/23 11:00:00,A,TOTAL,I10_A_AVG,SE,2013,109.22,
ESTAT:PRC_HPI_A(1.0),03/10/23 11:00:00,A,TOTAL,I10_A_AVG,SE,2014,119.52,
ESTAT:PRC_HPI_A(1.0),03/10/23 11:00:00,A,TOTAL,I10_A_AVG,SE,2015,135.20,
ESTAT:PRC_HPI_A(1.0),03/10/23 11:00:00,A,TOTAL,I10_A_AVG,SE,2016,146.34,
ESTAT:PRC_HPI_A(1.0),03/10/23 11:00:00,A,TOTAL,I10_A_AVG,SE,2017,156.06,
ESTAT:PRC_HPI_A(1.0),03/10/23 11:00:00,A,TOTAL,I10_A_AVG,SE,2018,154.60,
ESTAT:PRC_HPI_A(1.0),03/10/23 11:00:00,A,TOTAL,I10_A_AVG,SE,2019,158.44,
ESTAT:PRC_HPI_A(1.0),03/10/23 11:00:00,A,TOTAL,I10_A_AVG,SE,2020,165.09,
ESTAT:PRC_HPI_A(1.0),03/10/23 11:00:00,A,TOTAL,I10_A_AVG,SE,2021,181.79,
ESTAT:PRC_HPI_A(1.0),03/10/23 11:00:00,A,TOTAL,I10_A_AVG,SE,2022,188.27,
ESTAT:PRC_HPI_A(1.0),03/10/23 11:00:00,A,TOTAL,I10_A_AVG,SI,2007,103.11,
ESTAT:PRC_HPI_A(1.0),03/10/23 11:00:00,A,TOTAL,I10_A_AVG,SI,2008,110.32,
ESTAT:PRC_HPI_A(1.0),03/10/23 11:00:00,A,TOTAL,I10_A_AVG,SI,2009,99.87,
ESTAT:PRC_HPI_A(1.0),03/10/23 11:00:00,A,TOTAL,I10_A_AVG,SI,2010,100.00,
ESTAT:PRC_HPI_A(1.0),03/10/23 11:00:00,A,TOTAL,I10_A_AVG,SI,2011,102.71,
ESTAT:PRC_HPI_A(1.0),03/10/23 11:00:00,A,TOTAL,I10_A_AVG,SI,2012,95.64,
ESTAT:PRC_HPI_A(1.0),03/10/23 11:00:00,A,TOTAL,I10_A_AVG,SI,2013,90.62,
ESTAT:PRC_HPI_A(1.0),03/10/23 11:00:00,A,TOTAL,I10_A_AVG,SI,2014,84.64,
ESTAT:PRC_HPI_A(1.0),03/10/23 11:00:00,A,TOTAL,I10_A_AVG,SI,2015,85.32,
ESTAT:PRC_HPI_A(1.0),03/10/23 11:00:00,A,TOTAL,I10_A_AVG,SI,2016,88.10,
ESTAT:PRC_HPI_A(1.0),03/10/23 11:00:00,A,TOTAL,I10_A_AVG,SI,2017,95.38,
ESTAT:PRC_HPI_A(1.0),03/10/23 11:00:00,A,TOTAL,I10_A_AVG,SI,2018,103.71,
ESTAT:PRC_HPI_A(1.0),03/10/23 11:00:00,A,TOTAL,I10_A_AVG,SI,2019,110.65,
ESTAT:PRC_HPI_A(1.0),03/10/23 11:00:00,A,TOTAL,I10_A_AVG,SI,2020,115.75,
ESTAT:PRC_HPI_A(1.0),03/10/23 11:00:00,A,TOTAL,I10_A_AVG,SI,2021,129.11,
ESTAT:PRC_HPI_A(1.0),03/10/23 11:00:00,A,TOTAL,I10_A_AVG,SI,2022,148.16,
ESTAT:PRC_HPI_A(1.0),03/10/23 11:00:00,A,TOTAL,I10_A_AVG,SK,2006,78.51,
ESTAT:PRC_HPI_A(1.0),03/10/23 11:00:00,A,TOTAL,I10_A_AVG,SK,2007,101.26,
ESTAT:PRC_HPI_A(1.0),03/10/23 11:00:00,A,TOTAL,I10_A_AVG,SK,2008,119.39,
ESTAT:PRC_HPI_A(1.0),03/10/23 11:00:00,A,TOTAL,I10_A_AVG,SK,2009,104.17,
ESTAT:PRC_HPI_A(1.0),03/10/23 11:00:00,A,TOTAL,I10_A_AVG,SK,2010,100.00,
ESTAT:PRC_HPI_A(1.0),03/10/23 11:00:00,A,TOTAL,I10_A_AVG,SK,2011,98.50,
ESTAT:PRC_HPI_A(1.0),03/10/23 11:00:00,A,TOTAL,I10_A_AVG,SK,2012,95.84,
ESTAT:PRC_HPI_A(1.0),03/10/23 11:00:00,A,TOTAL,I10_A_AVG,SK,2013,96.70,
ESTAT:PRC_HPI_A(1.0),03/10/23 11:00:00,A,TOTAL,I10_A_AVG,SK,2014,98.06,
ESTAT:PRC_HPI_A(1.0),03/10/23 11:00:00,A,TOTAL,I10_A_AVG,SK,2015,103.33,
ESTAT:PRC_HPI_A(1.0),03/10/23 11:00:00,A,TOTAL,I10_A_AVG,SK,2016,110.25,
ESTAT:PRC_HPI_A(1.0),03/10/23 11:00:00,A,TOTAL,I10_A_AVG,SK,2017,116.75,
ESTAT:PRC_HPI_A(1.0),03/10/23 11:00:00,A,TOTAL,I10_A_AVG,SK,2018,125.35,
ESTAT:PRC_HPI_A(1.0),03/10/23 11:00:00,A,TOTAL,I10_A_AVG,SK,2019,136.79,
ESTAT:PRC_HPI_A(1.0),03/10/23 11:00:00,A,TOTAL,I10_A_AVG,SK,2020,149.88,
ESTAT:PRC_HPI_A(1.0),03/10/23 11:00:00,A,TOTAL,I10_A_AVG,SK,2021,159.46,
ESTAT:PRC_HPI_A(1.0),03/10/23 11:00:00,A,TOTAL,I10_A_AVG,SK,2022,181.30,
ESTAT:PRC_HPI_A(1.0),03/10/23 11:00:00,A,TOTAL,I10_A_AVG,TR,2010,100.00,d
ESTAT:PRC_HPI_A(1.0),03/10/23 11:00:00,A,TOTAL,I10_A_AVG,TR,2011,106.94,d
ESTAT:PRC_HPI_A(1.0),03/10/23 11:00:00,A,TOTAL,I10_A_AVG,TR,2012,117.08,d
ESTAT:PRC_HPI_A(1.0),03/10/23 11:00:00,A,TOTAL,I10_A_AVG,TR,2013,130.42,d
ESTAT:PRC_HPI_A(1.0),03/10/23 11:00:00,A,TOTAL,I10_A_AVG,TR,2014,148.19,d
ESTAT:PRC_HPI_A(1.0),03/10/23 11:00:00,A,TOTAL,I10_A_AVG,TR,2015,172.09,d
ESTAT:PRC_HPI_A(1.0),03/10/23 11:00:00,A,TOTAL,I10_A_AVG,TR,2016,194.92,d
ESTAT:PRC_HPI_A(1.0),03/10/23 11:00:00,A,TOTAL,I10_A_AVG,TR,2017,214.82,d
ESTAT:PRC_HPI_A(1.0),03/10/23 11:00:00,A,TOTAL,I10_A_AVG,TR,2018,229.56,d
ESTAT:PRC_HPI_A(1.0),03/10/23 11:00:00,A,TOTAL,I10_A_AVG,TR,2019,242.02,d
ESTAT:PRC_HPI_A(1.0),03/10/23 11:00:00,A,TOTAL,I10_A_AVG,TR,2020,302.01,d
ESTAT:PRC_HPI_A(1.0),03/10/23 11:00:00,A,TOTAL,I10_A_AVG,TR,2021,422.30,d
ESTAT:PRC_HPI_A(1.0),03/10/23 11:00:00,A,TOTAL,I10_A_AVG,TR,2022,1095.72,d
ESTAT:PRC_HPI_A(1.0),03/10/23 11:00:00,A,TOTAL,I10_A_AVG,UK,2006,98.79,
ESTAT:PRC_HPI_A(1.0),03/10/23 11:00:00,A,TOTAL,I10_A_AVG,UK,2007,108.58,
ESTAT:PRC_HPI_A(1.0),03/10/23 11:00:00,A,TOTAL,I10_A_AVG,UK,2008,103.79,
ESTAT:PRC_HPI_A(1.0),03/10/23 11:00:00,A,TOTAL,I10_A_AVG,UK,2009,94.53,
ESTAT:PRC_HPI_A(1.0),03/10/23 11:00:00,A,TOTAL,I10_A_AVG,UK,2010,100.00,
ESTAT:PRC_HPI_A(1.0),03/10/23 11:00:00,A,TOTAL,I10_A_AVG,UK,2011,98.53,
ESTAT:PRC_HPI_A(1.0),03/10/23 11:00:00,A,TOTAL,I10_A_AVG,UK,2012,98.90,
ESTAT:PRC_HPI_A(1.0),03/10/23 11:00:00,A,TOTAL,I10_A_AVG,UK,2013,101.44,
ESTAT:PRC_HPI_A(1.0),03/10/23 11:00:00,A,TOTAL,I10_A_AVG,UK,2014,109.58,
ESTAT:PRC_HPI_A(1.0),03/10/23 11:00:00,A,TOTAL,I10_A_AVG,UK,2015,116.08,
ESTAT:PRC_HPI_A(1.0),03/10/23 11:00:00,A,TOTAL,I10_A_AVG,UK,2016,124.19,
ESTAT:PRC_HPI_A(1.0),03/10/23 11:00:00,A,TOTAL,I10_A_AVG,UK,2017,129.85,
ESTAT:PRC_HPI_A(1.0),03/10/23 11:00:00,A,TOTAL,I10_A_AVG,UK,2018,134.10,
ESTAT:PRC_HPI_A(1.0),03/10/23 11:00:00,A,TOTAL,I10_A_AVG,UK,2019,135.42,
